Datos Poblacionales,,,,,,,,,,,
Unidad,Nombre Unidad,Zona Coplademun,Habitantes,Hombres,Mujeres,Población de 0 a 14 Años,Población de 15 a 64 Años,Población Mayor de 18 Años,Viviendas Habitadas,Promedio de Ocupantes por Vivienda,Clave INEGI
1,12 de diciembre,7,"1,782","1,005",953,759,"1,143","1,012",394,5.221,0
2,27 de Septiembre,1B,"1,730",824,906,469,"1,122","1,171",478,4.141666667,001-F
3,"Abetos, Los",1B,367,179,188,121,240,231,101,3.63,002-L
4,Acacias Residencial,5A,499,255,244,75,338,,188,2.654,0
5,Agraria,1A,111,48,57,18,79,86,51,2.526666667,003-E
6,"Agrícola, La",8,"3,256","1,597","1,655",922,"2,128","2,082",830,4.358333333,004-J
7,Agua Blanca Poblado,8,"1,503",729,765,413,999,990,390,4.258947368,005-D
8,Agua Blanca Industrial,8,"2,751","1,403","1,315",766,"1,857","1,767",647,4.505384615,006-I
9,Agua Blanca Sur,8,508,249,246,131,343,448,148,4.211111111,007-C
10,Agua Fría,2A,"7,109","3,644","3,458","2,540","4,227","3,927","1,776",4.522340426,008-H
11,"Águilas, Las",6,"10,015","4,691","5,309","1,610","6,877","7,506","3,285",3.414794521,009-B
12,"Agujas, Las",RS,"3,685","1,827","1,849","1,155","2,151","1,999","1,084",4.866315789,0
13,Alameda de Tesistán,2A,252,128,124,87,159,151,67,4.613333333,159-I
14,"Alameda, La",6,"1,789",856,933,416,"1,269","1,190",565,3.567142857,010-E
15,"Alamitos, Los",3,43,23,20,12,30,28,10,5.38,0
16,Altagracia,3,"5,965","2,835","3,129","1,562","4,176","4,019","2,138",3.362666667,011-J
17,Altamira,1A,"2,262","1,062","1,200",420,"1,638","1,722",801,3.308636364,012-D
18,"Arboleda, La",1A,"2,896","1,395","1,492",668,"1,824","2,060",704,4.438518519,013-I
19,Arboledas,6,"8,410","3,921","4,484","1,159","6,108","6,502","3,175",3.13244898,014-C
20,Arcos de Guadalupe,5A,"3,390","1,647","1,728",584,"2,552","2,551","1,004",3.892653061,015-H
21,Arcos de Zapopan,3,"17,296","8,354","8,931","3,817","12,520","12,157","5,303",3.867291667,016-B
22,Arenales Tapatíos ,7,"22,295","11,105","11,188","7,406","14,147","13,220","5,363",4.642222222,017-G
23,Arroyo Hondo 1ra. Sección,2A,"7,301","3,602","3,693","2,155","4,771","4,614","1,693",4.645106383,018-K
24,Arroyo Hondo 2da. Sección,2B,"2,448","1,227","1,221",766,"1,560","1,520",592,4.69,0
25,Atemajac del Valle,1B,"10,853","5,242","5,604","2,631","7,282","7,611","2,939",4.144146341,019-F
26,Atlas Colomos,1A,"1,606",768,838,311,"1,150","1,188",487,3.981818182,020-I
27,Atlas Chapalita,5A,522,253,269,100,395,402,267,2.426666667,021-C
28,"Aurora, La",1B,"1,123",531,592,238,816,826,336,3.727142857,022-H
29,Aves del Paraíso,1A,13,6,7,5,8,8,4,3.25,023-B
30,Azaleas Residencial,8,498,229,269,91,375,382,133,4.015,024-G
31,"Bajío, El",RS,27,15,12,7,17,11,5,5.4,0
32,Balcones de la Cantera,2A,"8,751","4,323","4,428","2,722","5,632","5,429","1,983",4.785846154,025-K
34,Balcones del Sol (ó Balcones del Colli),7,"4,205","2,091","2,114","1,414","2,663","2,497",958,4.7,026-F
35,Base Áerea Militar No. 5,4,"3,265","1,842","11,313","1,079","2,055","1,878",815,4.2,0
36,"Batán, El",1B,"4,591","2,206","2,385","1,188","3,041","3,164","1,348",3.749459459,027-L
37,Belenes Norte,1B,900,426,474,230,612,614,245,4.356666667,028-E
38,Benito Juárez,2B,"7,498","3,665","3,821","2,085","4,832","4,905","1,835",4.426363636,029-J
39,Benito Juárez Auditorio,2A,"2,704","1,343","1,352",912,"1,687","1,607",678,3.03,030-B
40,"Borrego, El",5-A,98,48,50,29,68,61,22,4.19,031-G
41,"Bóvedas, Las",4,"4,053","1,986","2,065","1,175","2,697","2,634",944,4.677037037,034-L
43,Bosques de Zapopan,3,,,,,,,,0,0
44,Bosques del Centinela Ejidal,1B,,,,,,,,0,0
45,Brisas de la Primavera,7,245,121,124,111,132,,52,4.712,0
46,"Briseño, El",8,"8,774","4,380","4,394","2,509","5,818","5,702","2,135",4.583678161,035-E
47,Bugambilias,8,"10,091","4,870","5,198","1,934","7,469","7,455","3,238",3.816521739,036-J
48,"Cabañitas, Las",1B,"2,585","1,283","1,302",850,"1,626","1,529",615,4.77,037-D
49,"Cajetes, Los",8,"5,430","2,718","2,690","1,920","3,344","3,143","1,338",4.618490566,038-I
50,Callejón del Parque,5B,317,160,157,67,240,233,92,3.911666667,039-C
51,"Calma, La",6,"9,511","4,528","4,975","1,333","6,802","7,385","3,491",3.155072464,040-F
52,"Camichín, El",8,"5,591","2,727","2,819","1,877","3,609","3,495","2,456",2.28,0
53,Camichines Vallarta,5A,525,237,288,50,433,453,200,3.285,041-L
54,Camino Real,5A,"4,195","2,158","2,037",568,"3,045","2,979","1,422",3.021111111,042-E
55,"Campanario, El",8,"4,359","2,163","2,164","1,307","2,888","2,747","1,219",4.219074074,043-J
56,Campestre Las Palomas,RS,53,27,26,15,36,33,27,3.375,0
58,"Canteros, Los",2B,"1,639",826,813,492,"1,061","1,018",377,4.74,044-D
59,"Cañadas, Las (ó Bosques de San Isidro)",3,"1,793",900,893,411,"1,201","1,197",711,3.71125,0
60,"Capullo, El",1B,915,455,455,192,636,681,275,3.774444444,045-I
61,Carlos Rivera Aceves,7,"4,032","1,998","2,021","1,489","2,421","2,214",912,5.013235294,046-C
62,"Carrizal, El",1B,358,169,189,105,225,231,78,4.62,047-H
63,"Casita, La",4,"2,806","1,357","1,449",870,"1,836","1,760",840,4.21875,048-B
64,"Centinela, El (ó Colinas del Centinela)",3,713,323,366,215,425,402,224,4.415714286,342-J
65,Centro (Cabecera),1A,"9,309","4,297","4,908","2,050","6,273","6,795","2,948",3.16,294-I
66,"Cerritos, Los",RN,811,409,408,,,,201,4.03,050-J
67,Cerro de la Higuera,2B,51,30,21,26,24,22,10,5.1,051-D
68,Chapalita de Occidente,5A,"1,018",479,539,138,759,788,320,3.663636364,053-C
69,Chapalita Las Fuentes,5A,"1,310",670,640,228,991,982,401,3.65,054-H
70,Chapalita Oriente,5A,"1,348",635,711,205,892,"1,024",522,3.096875,055-B
71,Chapalita Inn,5A,"3,487","1,665","1,822",762,"2,570","2,505","1,251",3.403333333,0
72,Chapalita Sur,6,"2,077",932,"1,141",306,"1,388","1,655",794,3.031363636,056-G
73,"Charco, El",7,,,,,,,,0,0
74,"Chicalote, el",5A,,,,,,,,0,0
75,"Ciudad de los Niños, Fraccionamiento",5A,"1,918",887,"1,030",287,"1,421","1,528",737,3.07125,058-F
76,Ciudad del Sol,6,"4,476","2,089","2,364",608,"3,066","3,525","1,739",3.196617647,059-L
77,Ciudad del Tepeyac,6,"9,002","4,335","4,667","2,827","5,857","5,651","2,555",3.52,060-C
78,Ciudad Granja,5B,"11,135","5,407","5,703","2,759","7,556","7,653","3,565",3.508695652,061-H
80,Colegio del Aire,4,972,477,495,293,609,592,379,4.081875,0
81,Colinas de Atemajac,1B,"3,407","1,660","1,747",650,"2,524","2,578",998,3.8312,063-G
82,Colinas de las Águilas,6,"2,417","1,124","1,293",427,"1,681","1,802",822,3.47,064-K
83,Colinas de la Primavera,7,"5,228","2,635","2,593","2,293","2,746","2,571","1,083",4.84,328-J
84,Colinas de los Belenes,1B,275,126,110,70,145,130,80,4.765,0
85,Colinas de los Robles,3,"2,274","1,111","1,163",706,"1,428","1,350",656,4.532580645,0
86,Colinas de San Javier,5B,"1,953",901,"1,052",298,"1,419","1,508",597,3.921666667,065-F
87,Colinas de Tabachines,1B,"1,256",619,637,369,827,823,286,4.616666667,066-L
89,Colinas del Rey,3,"1,870",943,927,511,"1,284","1,186",660,3.75,067-E
90,Colinas del Río Blanco,3,,,,,,,,0,0
91,Colli CTM,6,"5,923","2,891","3,032","1,269","4,381","4,364","1,542",4.18975,068-J
93,Colli Primavera,7,"1,668",801,866,293,"1,237","1,290",523,3.692222222,070-G
95,Colli Poblado (ó Colli Ejidal),6,"1,428",687,741,459,894,819,280,5.11,069-D
96,Colli Sitio,5A,"1,491",751,740,391,987,"1,013",358,4.532777778,071-K
97,Colli Urbano ,6,"11,934","5,773","6,116","2,871","8,068","8,091","3,767",3.686377953,072-F
98,Condominio Coto Del Rey,5A,,,,,,,,0,0
99,Condominio Navío La Calma,6,,,,,,,,0,0
100,Conjunto Habitacional Hacienda Los Belenes,1B,,,,,,,,0,0
101,Conjunto Habitacional U.A.G.,1A,"2,459","1,190","1,269",599,"1,781","1,692",715,3.44,261-D
103,Conjunto Laureles,1B,"2,820","1,349","1,471",730,"2,023","1,949","1,221",2.987352941,073-L
104,Conjunto Patria Residencial,1B,844,377,467,178,617,604,212,3.91,074-E
105,Conjunto Ritz,1B,642,310,332,157,466,462,302,2.91,075-J
106,Conjunto San Gilberto,1B,428,210,218,168,249,250,126,3.4,076-D
107,Conjunto Zapopan,1B,56,25,31,15,40,40,20,2.8,077-I
108,Constitución,1B,"27,515","13,381","14,074","7,261","17,994","18,703","7,133",4.173377483,078-C
109,Constituyentes,1B,"2,149","1,068","1,075",519,"1,435","1,499",578,4.16,079-H
110,Copala,RN,298,143,155,95,164,163,70,4.38,0
111,Copalita Poblado,RS,307,155,152,101,169,177,71,4.4,0
112,"Coronilla, La",2B,"5,104","2,534","2,556","1,836","2,973","2,782","1,340",4.435147059,081-E
113,Coronilla del Ocote,RS,97,48,49,21,72,71,17,4.1,0
114,"Cueva, La",RS,77,41,36,28,47,44,17,4.53,0
115,División Del Norte,2A,"1,579",797,782,422,"1,057","1,075",441,3.81,083-D
116,DIF,1A,129,53,76,38,70,78,29,3.92,307-H
117,Don Bosco Vallarta,5A,285,131,154,32,215,239,112,3.13,0
118,Ecológica Seattle,1B,"1,238",571,667,310,830,833,314,3.94,084-I
119,Ejido Copalita,RN,"1,824",941,883,601,"1,064","1,019",400,4.66,0
120,Ejido Zapopan,?,710,352,358,249,430,399,153,4.64,085-C
121,Emiliano Zapata,2A,"3,202","1,565","1,609","1,058","1,943","1,871",776,4.780333333,086-H
122,"Estancia, La",5A,"89,610","4,107","4,503","1,214","6,544","6,849","2,962",3.334590164,087-B
123,"Estrada, La",RS,"1,624",808,816,549,"1,012",973,436,4.658333333,0
124,Eucalipto Vallarta,5A,972,463,509,151,719,758,397,3.14,088-G
125,Exitmex,5A,"3,958","1,939","2,019","1,254","2,604","2,488","1,192",3.31,089-K
126,Exhacienda del Lazo,RN,228,121,107,85,120,130,55,4.17,0
127,"Experiencia, la",2B,"1,924",927,992,441,"1,265","1,373",601,3.594444444,090-D
128,"Flores, Las",5A,659,309,350,90,439,493,237,3.168333333,091-I
129,"Floresta del Colli, La",7,"2,889","1,442","1,442","1,072","1,738","1,605",720,4.795,0
130,"Florida, La",8,"2,889","1,442","1,109",764,"1,400","1,303",560,4.803636364,092-C
131,Fortín ,7,"6,737","3,332","3,360","2,131","4,423","4,266","3,001",3.494477612,343-D
132,"Fortines, Los",7,,,,,,,,0,0
133,"Bosques del Centinela, Fraccionamiento",2A,"2,924","1,457","1,467",962,"1,840","1,693",936,3.53804878,344-I
134,"Cristal, Fraccionamiento",8,108,53,55,30,76,72,26,4.5,345-C
136,"Los Paraísos, Fraccionamiento",1B,,,,,,,,0,0
137,Francisco Sarabia,8,"2,416","1,193","1,201",720,"1,509","1,541",674,4.159,094-B
138,Francisco Sarabia Poniente,8,306,158,148,109,189,177,52,5.88,095-G
139,Francisco Villa (antes villa de Torremolinos),3,"5,032","2,469","2,563","1,500","3,432","3,187","1,764",4.47,096-K
140,"Fresno, El",4,"1,313",634,672,496,769,715,326,4.502777778,0
141,"Fuentes, Las",6,"2,778","1,272","1,506",454,"1,874","2,004","1,080",3.204666667,098-L
142,"Garabato, El",8,"1,575",755,820,500,"1,053",941,380,4.7125,0
143,"Giralda, la",6,"1,366",632,734,567,694,718,454,2.75,099-E
144,Girasoles,4,"3,388","1,648","1,740",932,"2,206","2,258",875,4.217692308,100-J
145,Girasoles Elite,4,422,215,207,136,283,270,134,3.566666667,0
146,"Gloria, La",5A,"1,435",734,675,480,897,821,368,5.042727273,347-B
147,González Ortega,1B,691,354,337,182,489,471,256,2.827142857,101-D
148,"Grana, La",3,,,,,,,,0,0
149,Guadalajarita (ó Club Atlas),1A,55,26,29,10,38,42,19,3.7,062-B
150,Guadalupe Jardín,5A,"1,774",868,906,324,"1,341","1,325",561,3.580769231,102-I
151,"Guayabos, Comunidad Ecológica, Los",2A,53,25,28,11,39,37,17,3.12,0
152,Gusa,1B,616,308,308,135,438,450,166,3.96,103-C
153,Haciendas de las Lomas,5B,583,267,308,129,425,413,179,3.48,104-H
154,Hacienda de Tepeyac I,6,"4,718","2,292","2,426","1,020","3,329","3,221","1,587",3.398275862,105-B
155,Hacienda de Tepeyac II,6,"1,850",908,942,658,"1,112","1,089",521,3.54,348-G
156,Hacienda la Mora,4,"2,099","1,065","1,034",595,"1,383","1,385",562,4.19,106-G
157,Hacienda del Valle,3,"6,394","3,082","3,306","1,983","4,028","3,723","1,981",3.901527778,346-H
158,Haciendas de la Calma,6,,,,,,,,0,0
159,"Haciendita, La",8,"1,421",701,720,508,882,812,398,4.064285714,108-F
160,Heroes Nacionales,4,827,449,448,357,514,465,225,4.558888889,0
161,"Higuera, La",2B,"2,891","1,450","1,392","1,127","1,629","1,481",797,4.4926,312-I
162,Hogares de Atemajac,2A,521,273,248,177,326,303,105,4.96,109-L
163,Hogares,2B,716,357,359,243,430,428,142,5.05,110-E
164,Hogares de Nuevo México,3,"4,309","2,122","2,157","1,456","2,602","2,455","1,251",4.383454545,0
165,Hogares del Batán,1B,"2,038","1,009","1,027",556,"1,405","1,365",640,3.865454545,362-G
166,Hoja Verde,1B,89,43,46,14,71,69,25,3.56,112-B
167,Huaxtla,RN,97,47,50,25,68,64,24,4.04,0
168,"Huerta, La",1B,601,293,308,108,449,457,163,3.963333333,113-G
169,"Húmedo de Nextipac, El",RS,"5,416","2,678","2,738","2,024","2,847",,"1,139",4.755,0
170,Indígena de Mezquitán ,2B,"5,874","2,873","2,996","1,937","3,619","3,521","1,420",4.628666667,114-K
171,Indígena de San Juan Ocotán,4,,,,,,,,0,0
172,Industrial Los Belenes,1B,300,148,152,137,159,146,67,4.48,115-F
173,Industrial Zapopan Norte,3,230,113,117,71,151,151,80,3.61,0
175,Ixcatán Poblado,RN,"1,203",577,626,406,722,697,279,4.34,0
176,Jacarandas,1A,630,270,360,99,459,514,239,2.81,116-L
177,Jardines de Santa Ana  ,8,762,379,383,256,484,438,199,4.564444444,349-K
178,Jardines de San Ignacio,5A,"2,758","1,256","1,449",341,"1,852","2,196","1,193",2.865454545,117-E
179,Jardín de Vallarta,5A,475,212,263,176,293,280,116,4.09,118-J
180,Jardines Tapatíos,7,"1,955",869,974,688,"1,201","1,109",525,4.486363636,132-J
181,Jardines Tepeyac,5A,472,217,255,86,335,344,195,2.635,0
182,Jardines del Ixtépete,8,"1,060",536,524,292,725,697,289,4.15,119-D
183,Jardín Real,4,"7,546","3,613","3,915","2,305","5,059","4,756","2,541",3.924672897,0
184,Jardines de Chapalita,5A,"1,506",713,793,414,"1,005",960,445,3.729166667,0
185,Jardines de Guadalupe,5A,"3,733","1,762","1,971",526,"2,716","2,958","1,338",3.309736842,121-K
186,Jardines de la Esperanza,2A,"1,397",682,715,382,979,902,409,3.697333333,122-F
187,Jardines de la Patria,5B,"1,499",728,771,271,"1,135","1,154",540,3.129,123-L
189,Jardines de los Belenes,2B,"4,523","2,247","2,267","1,344","2,884","2,876","1,224",4.410333333,124-E
190,Jardines de los Robles ,3,,,,,,,,0,0
191,Jardines de Nuevo México,4,"14,519","7,129","7,384","4,506","9,292","8,858","3,566",4.622682927,0
193,Jardines de Santa Margarita,4,468,224,244,176,276,270,97,4.82,350-D
194,Jardines de Tabachines,2A,748,357,390,198,527,494,214,3.976,126-D
195,Jardines del Auditorio,2A,"1,798",841,957,496,"1,233","1,141",374,4.81,127-I
196,Jardines del Porvenir,2A,"5,859","2,797","3,062","1,448","4,148","3,921","1,738",3.828484848,128-C
197,Jardines del Sol,6,"3,906","1,824","2,082",527,"2,888","3,183","1,422",3.23,129-H
198,Jardines del Valle,4,"20,672","10,136","10,528","6,216","13,932","13,105","6,634",3.578854167,130-L
199,Jardines del Vergel ,2A,"7,631","3,796","3,781","2,453","4,779","4,486","2,426",4.169620253,131-E
200,Jardines del Vigía,1B,,,,,,,,0,0
201,Jardines Universidad,5B,"3,096","1,434","1,662",393,"2,404","2,528","1,335",2.985263158,133-D
202,Jardines Vallarta,5B,"3,621","1,739","1,880",618,"2,659","2,737","1,253",3.497317073,134-I
203,Jocotán,5A,"5,175","2,570","2,584","1,470","3,199","3,067","1,430",4.183333333,340-L
204,"Joya, La",2A,139,63,76,47,90,88,440,3.725,0
205,Juan Manuel Vallarta,7,"1,735",849,885,306,"1,213","1,287",566,3.4095,136-H
206,Lagos del Country,1B,"3,576","1,648","1,920",570,"2,676","2,857","1,450",2.725882353,137-B
207,Linda Vista,1A,946,426,520,182,631,708,308,3.512222222,138-G
208,Loma Blanca,1A,218,106,112,33,169,176,83,3.116666667,139-K
209,Loma Bonita,6,"5,529","2,641","2,886",848,"4,013","4,238","1,995",2.985576923,140-D
210,Loma Bonita Ejidal,6,"10,753","5,140","5,606","2,628","6,940","7,095","2,823",4.240777778,141-I
211,Loma Bonita Residencial,6,"5,184","2,518","2,666","1,187","3,672","3,571","1,342",3.82,217-H
212,Loma Bonita Sur,6,"1,431",701,730,249,"1,069","1,103",457,3.326363636,143-H
213,Loma Real,5B,"1,550",711,839,322,"1,082","1,129",505,3.68,144-B
214,"Loma, La",1B,16,11,5,3,12,11,3,5.33,145-G
215,Lomas Altas,5B,"2,256","1,039","1,217",395,"1,639","1,699",855,3.2085,146-K
216,Lomas de Atemajac,1B,"4,065","1,892","2,173",771,"3,004","3,100","1,470",3.005434783,147-F
217,Lomas de Guadalupe,5A,"1,002",484,518,156,753,736,296,3.91,148-L
218,Lomas de la Primavera,7,"16,872","8,436","8,338","6,482","9,879","9,030","4,193",4.796105769,0
220,Lomas de Tabachines ,2A,"13,963","6,982","6,981","4,616","8,754","8,289","3,129",4.969272727,149-E
221,Lomas de Zapopan,3,"15,661","7,501","8,160","3,255","11,460","11,064","5,111",3.712857143,150-H
222,Lomas del Batán,1B,"5,250","2,539","2,708","1,401","3,446","3,555","1,518",3.973428571,151-B
223,Lomas del Bosque,1A,218,89,129,35,175,166,54,4.36,152-G
224,Lomas del Camino,1B,284,135,149,104,172,168,70,4.06,153-K
225,Lomas del Centinela,2A,"6,046","3,013","2,952","2,199","3,433","3,199","1,576",4.661612903,154-F
226,Lomas del Colli ,5A,351,166,178,114,217,209,78,4.713333333,155-L
228,Lomas del Refugio,2B,"2,841","1,419","1,372",989,"1,689","1,590",775,4.523877551,156-E
229,Lomas del Seminario Norte,5A,918,440,478,173,693,664,287,3.735,157-J
230,Lomas del Valle,5B,"1,679",758,921,300,"1,191","1,280",548,3.551428571,158-D
231,Lomas del Vergel,2A,"3,485","1,749","1,724","1,162","2,172","2,026",817,4.7156,0
232,Lomas Universidad,5A,"2,445","1,152","1,293",451,"1,829","1,789",919,3.260526316,160-K
233,"Maestros, Los",1B,"1,689",847,842,359,"1,176","1,236",533,3.728333333,161-k
234,"Magdalena, La",RS,"3,751","1,845","1,853","1,273","2,220","2,103","1,315",4.301315789,Datos Magdalena y San José Ejidal
235,"Mante, El",8,"4,761","2,379","2,341","1,311","3,193","3,111","1,201",4.385178571,162-L
236,Marcelino García Barragán,3,"2,542","1,272","1,251",860,"1,522","1,459",734,4.705714286,163-E
237,Mariano Otero,7,"8,605","4,211","4,377","2,495","5,759","5,486","2,236",4.161134021,164-J
238,"Martinica, La",2A,"4,277","2,096","2,181","1,277","2,823","2,718",980,4.672413793,165-D
239,Mesa Colorada ,RN,"9,404","4,766","4,616","3,050","5,775","5,476","2,312",9.172580772,166-I
240,Mesa Colorada Poniente,2B,"9,559","4,762","4,737","3,405","5,633","5,241","2,615",4.636556291,167-C
241,Mesa de los Ocotes,2B,"7,331","3,635","3,627","2,629","4,271","3,965","1,911",4.59018018,168-H
242,Mezquitán,2B,"1,013",539,474,441,547,513,232,4.37,308-B
243,Miguel de la Madrid,8,"2,238","1,105","1,131",631,"1,470","1,453",550,4.596666667,169-B
244,Miguel Hidalgo,2B,"5,166","2,534","2,615","1,672","3,278","3,070","1,307",4.521403509,170-E
245,Milpillas Mesa de San Juan,RS,86,50,36,26,45,57,23,3.74,0
247,Mirador de San Isidro (ó Mirador de la Cañada),3,"1,395",678,717,390,927,873,427,3.984705882,351-I
248,Mirador del Sol,6,"3,464","1,623","1,841",556,"2,595","2,696","1,303",3.027,172-D
249,Mirador Escondido,2B,"2,918","1,467","1,412","1,069","1,658","1,552",720,4.625128205,309-G
250,Miramar,7,"28,219","13,824","13,924","8,428","18,226","17,388","6,573",4.615019455,173-I
251,Misión Jardines,4,,,,,,,,0,0
252,Misión de San Isidro (ó Misión del Bosque),3,"6,157","3,001","3,156","1,992","3,733","3,462","1,934",3.700181818,352-C
254,Molino del Salvador,2B,144,68,76,38,98,95,32,4.5,175-H
255,Nextipac,RS,"2,945","1,432","1,490",989,"1,790","1,783",715,4.562439024,0
256,Núcleo Belenes,1B,,,,,,,,0,0
257,Nueva España,2B,"2,372","1,203","1,169",792,"1,500","1,415",580,4.617142857,176-B
258,Nueva Primavera (ó Colli Nueva Primavera),6,"2,382","1,116","1,266",491,"1,790","1,774",799,3.44,177-G
259,Nuevo México,4,"3,608","1,785","1,816","1,011","2,209","2,140","1,280",3.822592593,0
260,Nuevo Vergel,2A,"5,165","2,561","2,591","1,731","3,210","3,070","1,191",4.709545455,179-F
261,Palmira,8,"4,001","2,013","1,982","1,387","2,486","2,352","1,053",4.452058824,180-I
262,"Palmita, La",1B,"3,287","1,596","1,691",942,"2,174","2,171",902,3.8825,181-C
263,Palo Gordo,RS,88,44,44,27,58,57,21,4.19,0
264,"Paraíso, El (ó Paraísos de la Seattle)",1B,666,328,338,181,452,438,194,4.146666667,182-H
266,Paraísos del Colli,7,"16,410","8,162","8,224","5,034","10,668","10,123","3,955",4.51477707,183-B
267,Paraíso Los Pinos,8,47,23,24,19,27,26,11,4.27,354-B
268,Parque Industrial Belenes Norte,1A,,,,,,,,0,0
269,Parques de la Castellana,5B,"1,214",564,650,228,880,866,376,3.483333333,185-K
270,Parque Regency,5B,"2,471","1,174","1,297",448,"1,843","1,786",727,3.671111111,186-F
271,Parques de Tesistán,RS,"3,612","1,787","1,825","1,351","2,194","2,044","1,152",3.791428571,0
272,Parques de Zapopan,4,"5,073","2,431","2,636","1,592","3,396","3,143","1,670",3.507142857,220-E
273,Parques del Auditorio,2A,"5,028","2,444","2,584","1,954","2,942","2,758","1,265",3.97,187-L
274,Paseos del Briseño,8,"2,925","1,476","1,815",858,"1,903","1,815",711,4.4896,188-E
275,Paseos del Sol ,6,"16,466","7,791","8,672","2,820","12,070","12,178","6,170",3.168095238,189-J
276,Paseos Universidad,5A,"2,243","1,097","1,146",514,"1,505","1,450",644,3.87,190-B
277,Paso de Guadalupe (ó El Morado),RN,,,,,,,,0,0
278,Patria Ives,1B,103,56,47,33,69,62,27,3.81,191-G
279,Patria Raquet,1B,406,190,216,141,254,243,106,3.83,192-K
280,"Patria Universidad, La",5B,902,438,464,140,691,716,382,3.146,193-F
281,Patria Zoquipan,1B,707,353,354,208,483,479,249,2.83,194-L
282,Pedregal de Zapopan,2B,,,,,,,,0,0
283,Pedro Moreno,1B,"1,829",862,967,498,"1,170","1,234",446,4.478,195-E
284,Periodistas,6,140,59,59,42,75,66,28,5.835,196-J
285,Pinar de la Calma,6,"6,287","2,998","3,289","1,014","4,634","4,895","2,122",3.21265625,197-D
286,Pinar de la Venta,RS,764,364,400,171,529,554,209,3.66,0
287,"Pinos Campestre, Los",8,124,54,70,24,71,95,33,3.79,198-I
288,"Pinos, Los   (fraccionamiento)",7,"1,137",518,619,238,813,829,380,3.415,199-C
289,Pirámides,6,972,449,522,241,629,654,251,4.231,200-H
290,"Prado, El ",1A,17,9,8,,11,17,7,2.43,201-B
291,Praderas de San Antonio,4,"1,920",950,951,692,"1,129","1,038",637,4.5284,0
292,Prados de San Ignacio,1B,33,13,20,13,20,18,10,3.3,202- g
293,Prados de Santa Lucia ,RS,"5,734","2,852","2,882","2,192","3,368",,"1,148",4.995,0
294,Prados Guadalupe,5A,902,421,481,124,659,702,291,3.287142857,203-K
295,Prados Tepeyac,6,"2,637","1,232","1,395",411,"1,953","2,059","1,037",3.0275,204-F
296,Prados Vallarta,5A,"3,009","1,363","1,646",417,"2,026","2,345","1,069",3.159642857,205-L
297,"Primavera, La",RS,"2,310","1,149","1,161",687,"1,477","1,490",625,3.7,0
298,Primavera Norte,6,750,348,402,151,574,559,330,2.8125,206-E
299,Puerta de Hierro,5B,"4,795","2,196","2,564",910,"3,402","3,284","1,774",4.29875,207-J
300,Puerta del Bosque  (antes Lomas de Santa Ana Tepetitlán),7,332,135,174,97,203,193,102,4.296153846,0
301,Puerta del Sol,5B,"1,489",691,798,488,950,893,377,3.95,355-G
302,Rancho Contento,RS,789,375,414,135,544,586,226,3.52,0
303,Rancho El Centinela,3,,,,,,,,0,0
304,Rancho el Sol (ó Placita del Sol),3,13,4,9,5,6,8,5,2.6,0
305,Real Acueducto,1A,,,,,,,,0,0
306,Real Alamedas,6,,,,,,,,0,0
307,Real San Bernardo,5B,125,60,65,34,91,78,27,4.63,209-I
308,Real Vallarta,5A,"2,122",979,"1,143",252,"1,612","1,663",853,3.178421053,210-K
309,"Rehilete, El",7,"3,238","1,653","1,581","1,378","1,809","1,655","1,037",4.371,0
310,Residencial Arboledas,6,"1,289",919,670,266,946,923,347,3.72,211-F
311,Residencial Ciudad de los Niños,5A,398,174,224,107,272,276,133,2.98,212-L
312,Residencial Cordilleras,5A,"2,337","1,131","1,192",633,"1,611","1,625","1,048",3.41,213-E
313,Residencial Colomos Patria,5B,,,,,,,,0,0
314,Residencial del Bosque,8,65,37,28,26,29,30,16,4.07,214-J
315,Residencial Guadalupe,5A,298,137,161,83,187,177,92,3.2,215-D
317,Residencial Loma Blanca,1A,,193,196,117,257,255,109,3.56,317-K
318,Residencial Moctezuma,6,"3,352","1,565","1,786",760,"2,452","2,385","1,359",2.974186047,218-H
319,Residencial Moctezuma Poniente,6,"2,683","1,254","1,429",563,"1,934","1,880",975,3.089642857,219-B
321,Residencial Patria,1B,"1,110",512,598,269,795,775,347,3.19,221-J
322,Residencial Plaza Guadalupe,5A,"9,625","4,622","4,987","1,752","7,197","7,128","3,569",3.130412371,0
323,Residencial Poniente,4,"3,821","1,823","1,998",789,"2,851","2,831","1,324",3.776,222-D
324,Residencial Victoria,6,"3,501","1,605","1,876",509,"2,403","2,754","1,302",3.024333333,223-I
325,Rinconada del Auditorio,2A,882,437,445,319,532,509,214,4.12,224-C
326,Rinconada de la Seattle,1B,,,,,,,,0,0
327,Rinconada Del Iris,8,36,10,19,6,22,21,9,4.83,225-H
328,Rinconada del Oro,6,,,,,,,,0,0
329,Rinconada del Sol,6,257,128,129,40,176,212,118,2.18,226-H
330,Rinconada La Azalea,1B,"2,148","1,078","1,070",620,"1,470","1,416",698,3.68,0
331,Rinconada del Valle,5A,158,77,81,25,119,129,50,3.69,227-G
332,Rinconada de la Calma,6,"3,063","1,467","1,596",770,"2,180","2,176","1,260",3.51,228-K
333,Rinconada de la Joya,6,108,56,52,26,74,72,36,3.96,56229-F
334,Rinconada las Palmas,3,"3,657","1,768","1,889","1,134","2,368","2,176","1,155",3.8225,230-I
335,Rinconada de Santa Rita,5B,900,419,481,133,685,716,298,3.05,231-C
336,Rinconada de los Novelistas,5A,82,30,52,21,56,57,17,4.82,370-K
337,Río Blanco,RN,632,320,312,201,402,392,134,4.73,0
338,Roberto Orozco,RS,"1,208",585,623,451,728,676,356,3.65,0
339,"Robles, Los",3,"1,064",509,550,269,626,628,409,3.9575,0
340,"Rodeo, El",RS,,,,,,,,0,0
341,Royal Country,5B,781,357,424,147,610,576,211,3.55,233-B
342,San Bernardo,5B,159,67,92,46,109,103,33,4.82,234-G
343,San Esteban,RN,"3,726","1,834","1,892","1,396","2,116","2,089",765,4.87,0
344,San Francisco,1A,"2,125","1,028","1,097",579,"1,365","1,412",543,3.52,235-K
345,San Isidro Ejidal,1A,"9,986","4,846","5,125","2,700","6,521","6,688","2,563",3.54,236-F
346,San Isidro Poblado,RN,"1,446",697,749,540,838,794,317,4.59,0
347,San José del Bajio,1A,"2,038",994,"1,033",706,"1,284","1,221",649,3.49,237-L
348,San José Ejidal,RS,"3,603","1,810","1,793","1,271","2,209","2,065",862,4.18,Datos Magdalena y San José
349,San Juan de Ocotán,4,"22,022","10,858","11,107","7,873","13,531","12,786","5,540",3.2,238-E
350,San Lorenzo,RN,57,27,30,26,28,29,10,5.7,0
351,San Miguel de la Cañada,1B,204,102,102,59,130,134,45,4.53,239-J
352,San Miguel de La Colina,1A,304,143,161,35,245,240,94,5.84,240-B
353,San Miguel Tateposco,RN,"3,726","1,834","1,892","1,396","2,116","2,089",765,4.87,0
354,San Nicolás de los Belenes,2A,"1,248",604,644,450,744,710,302,4.14,241-G
355,San Wenceslao,5B,"1,438",650,788,318,"1,038",985,344,4.18,242-K
356,Santa Ana Tepetitlán,8,"26,611","13,116","13,456","8,830","16,896","16,199","7,803",3.29,243-F
357,Santa Catalina,6,"1,310",627,683,328,932,920,469,4.44,244-L
358,Santa Fé,1A,"2,414","1,152","1,262",597,"1,650","1,693",677,4.68,245-E
359,Santa Isabel,5B,"1,700",791,909,270,"1,321","1,318",475,3.19,246-J
360,Santa Lucía,RS,"24,140","11,877","12,158","9,282","14,138","13,242","6,235",2.99,0
361,Santa Margarita 1ra. Sección,1A,"21,217","10,389","10,804","5,874","13,705","14,188","5,285",3.46,247-D
362,Santa Margarita 2da Sección,4,,,,,,,,0,0
363,Santa Margarita Residencial,4,"9,969","4,878","5,091","3,297","6,467","6,145","3,198",4.44,248-I
364,Santa Maria del Pueblito,5A,"4,590","2,298","2,292","1,360","2,965","2,977","1,223",4.45,249-C
365,Santa Mónica de los Chorritos,RS,"2,413","1,158","1,255",892,"1,260",,509,4.471,
366,Santa Paula,1B,"1,847",886,961,469,"1,222","1,269",493,3.4,250-F
367,Seattle,1B,"3,836","1,794","2,042",758,"2,591","2,861","1,250",4.02,252-E
368,Seattle  Habitacional ,1B,"6,966","3,264","3,702","2,200","4,345","4,251","1,644",4.13,253-J
369,"Soledad de Nextipac, La",RS,"1,063",530,511,427,590,549,253,4.688571429,0
370,Tabachines,2A,"13,677","6,591","7,051","3,153","9,744","9,778","3,996",3.47,254-D
371,Tepeyac,1B,"2,960","1,455","1,501",663,"1,984","2,151",925,5.38,255-I
372,Tepeyac Casino,5A,"1,000",462,537,186,757,760,360,4.59,256-C
373,Tesistán,RS,"13,494","6,744","6,723","4,351","8,649","8,422","4,620",4.42,0
374,"Tigre I, El",3,760,386,337,204,475,448,231,4.3992,
375,"Tigre II, El",3,,,,,,,,0,0
376,"Triángulo, El",4,,,,,,,,0,0
377,"Tuzanía , La",4,"15,295","7,373","7,904","3,656","10,286","10,861","3,867",4.151965812,260-J
378,Tuzanía Ejidal,4,"2,061","1,004","1,057",564,"1,404","1,376",508,4.394615385,350-D
379,Unidad Auditorio,2A,"7,885","3,795","4,084","2,017","5,321","5,194","2,417",3.782131148,262-I
380,Unidad Cadete Francisco Marquez,6,388,180,208,70,258,304,140,2.6,263-C
381,Unidad Gustavo Díaz Ordaz,6,"4,249","2,057","2,190",819,"3,066","3,074","1,319",3.530967742,264-H
382,Unidad Fovissste (Estatuto Jurídico).,1A,"1,936",895,"1,033",384,"1,351","1,462",573,3.712962963,265-B
383,Unidad México,5B,"1,009",466,543,165,714,767,411,2.945,266-G
384,Unidad Patria,1B,198,94,104,57,130,131,64,3.08,267-K
385,Unidad República,1A,"1,654",787,861,375,"1,051","1,182",469,3.805,268-F
386,Vallarta La Patria,5A,961,475,486,204,678,719,304,4.22,269-L
387,Vallarta Universidad,5B,"1,961",939,"1,022",356,"1,437","1,525",709,4.53,270-C
388,Valle de Atemajac,2A,,,,,,,,0,0
389,Valle de Bugambilias,8,24,14,10,4,16,20,11,2.18,271-H
391,Valle de San Nicolás,7,690,356,334,239,441,417,311,3.57,0
392,Valle Escondido,4,79,40,39,26,47,48,19,4.16,0
393,Valle Real,4,"6,078","2,829","3,247","1,510","4,406","4,082","1,573",4.46,0
394,Venta del Astillero,RS,"5,649","2,845","2,783","1,740","3,601","3,524","1,593",4.091733333,0
395,Venustiano Carranza,1B,"3,052","1,515","1,537",776,"2,114","2,087",815,3.71,273.G
396,"Vicente Guerrero (ampliación Vicente Guerrero, Rincón)",3,"4,673","2,322","2,345","1,787","2,754","2,608","1,389",3.67,0
398,Víctor Hugo,1B,"3,367","1,617","1,744",887,"2,274","2,288",881,3.23,275-F
399,"Vigía, El",1B,"7,580","3,676","3,896","2,005","4,974","5,073","1,933",4.2525,276-L
400,Vigusa (La Vidriera),5B,280,144,136,66,170,201,69,3.01,277-E
401,Villa Coral,1A,"1,411",660,751,330,986,982,380,3.15,278-J
402,Villa de los Belenes,1B,"1,908",919,989,548,"1,306","1,250","6,546",2.9,279-D
403,Villa Magna,1A,131,60,71,29,99,87,26,3.78,280-G
404,Villa Puerta del Sol,6,"1,453",676,777,295,"1,107","1,095",617,4.12,281-K
405,Villa Universitaria,5B,"2,758","1,311","1,445",499,"2,026","2,174","1,051",3.9,282-F
406,"Villa, La",1A,"3,559","1,685","1,874","1,107","2,182","2,192",734,4.84,283-L
407,Villas Alcalde,1B,517,253,264,126,371,358,162,4.53,284-E
408,Villas de Guadalupe,2B,"17,200","8,622","8,543","6,123","10,536","9,952","4,236",4.27,285-J
409,Villas del Marquez (Villas del Parque),2A,"3,169","1,521","1,648",829,"2,186","2,142",887,4.67,0
411,Villas La Loma,3,"1,390",673,709,436,924,873,579,4.55,0
412,Villas de San Javier,7,791,377,414,146,590,629,432,4.76,286-D
413,Villas de Zapopan (ó Valle de San Isidro),3,"2,600","1,265","1,335",957,"1,554","1,472",717,3.62,287-I
414,Villas de Tepeyac,6,214,97,117,45,163,164,125,3.92,289-H
415,Villas San Jorge,1B,153,75,78,22,121,116,39,3.92,290-L
416,Villas Vallarta,5A,250,114,136,67,172,172,85,3.37,291-E
417,Virreyes Residencial,5B,"2,686","1,252","1,428",784,"1,818","1,743",800,3.06,0
418,Vista Hermosa,2B,"3,839","1,897","1,940","1,336","2,373","2,253","1,001",3.84,292-J
419,Vista del Sol,8,56,30,26,18,30,26,14,4,293-D
420,Volcán del Colli,5A,868,442,426,306,539,494,247,4.53,0
421,"Zapote, El   ",6,"1,828",868,959,387,"1,213","1,284",582,3.806666667,296-H
422,Zoquipan,1B,"2,674","1,247","1,427",655,"1,844","1,867",819,4.09,297-B
423,Hospital San Juan de Dios,1B,148,83,65,26,105,120,28,3.07,314-H
424,Villa Palmas,1A,53,27,26,14,37,36,12,4.42,316-G
425,"Vinatería, La",,,,,,,,,,
426,"Noria, La",,586,300,286,254,323,,125,4.688,
427,Quinta Federalismo,,,,,,,,,,
428,"Tempisque, El",,104,56,48,42,59,54,27,3.85,
429,Mesón de Copala,,432,226,106,148,237,221,94,4.81,
430,Villas de Nuevo México,,,,,,,,,,
431,"Soledad de Ixcatán, La",,108,60,45,28,75,65,23,4.77,
432,Jardines de San Gonzalo,,42,23,19,16,24,25,18,3.23,
433,Misión Capistrano,,13,7,6,3,10,10,5,2.6,
434,Fuentecillas,,67,36,31,26,38,34,16,4.19,
435,"Golondrinas, Las",,,,,,,,,,
436,Villas de Tesistán,RS,,,,,,,,,
437,Lomas de San Gonzalo,0,"1,503",743,760,491,926,853,581,3.716470588,
438,Campestre Lomas de Tesistán,,,,,,,,,,
439,"Joyitas, Las",,20,10,5,3,10,12,15,3.75,
440,Vistas de Tesistán,,"4,101","2,027","2,074","1,602","2,471","2,368","1,731",3.13,
441,Praderas de Tesistán,,,,,,,,,,
442,Hacienda Las Palomas,,,,,,,,,,
443,Ampliación Santa Lucía,RS,950,482,468,363,543,,200,4.75,
444,"Alamo, El",,"1,904",955,949,708,"1,133",,410,4.644,
445,Loma Chica,,746,366,351,262,437,403,215,4.875238095,
446,Revolución,RS,"1,894",960,934,735,"1,101",,399,4.747,
447,"Mirasoles, Los",,,,,,,,,,
448,"Providencia, La",,76,48,28,24,48,49,20,3.8,
449,Villas de Santa Lucía,RS,,,,,,,,,
450,"Cerrito, El (de Nextipac)",RS,539,285,254,224,304,,109,4.945,
451,Cerca Morada,RS,32,15,17,14,13,18,7,4.57,
452,Misión La Floresta,,,,,,,,,,
453,Rinconada del Parque,,"1,721",841,880,456,"1,181","1,134",597,3.717857143,
454,Colinas del Río,3,,,,,,,,,
455,Villa Hermosa,RS,52,24,28,23,26,24,9,5.78,
456,"Ángeles de Nextipac, Los",RS,"1,436",723,660,567,745,683,473,4.795294118,
457,San Rafael (poblado),RN,100,47,53,31,67,62,22,4.55,
458,"Cohetero, El (poblado)",,18,8,10,9,9,8,3,6,
459,"Quemado, El (poblado)",RN,168,86,82,43,89,98,49,3.42,
460,Villas del Valle,3,480,252,228,148,321,310,144,3.34,
461,Campo Real,3,"2,017",989,"1,028",532,"1,262","1,228",654,3.09,
462,Bosque Valdepeñas,3,,,,,,,,,
463,Hacienda del Sol,3,,,,,,,,,
464,Valdepeñas II,3,,,,,,,,,
465,Punta Valdepeñas,3,,,,,,,,,
466,Real Valdepeñas,3,,,,,,,,,
467,Real de Tesistán,,,,,,,,,,
468,Altus Quintas,0,769,377,392,247,511,495,461,3.060588235,
469,Colonos de Tesistán,,,,,,,,,,
470,Real Casablanca,,814,412,402,269,534,519,410,3,
471,Jardines de las Fuentes,45200,,,,,,,,,
472,Molinos,,"4,077","1,996","2,055","1,307","2,480","2,401","3,174",3.206333333,
473,Extramuro,,,,,,,,,,
474,Parques Tepeyac,0,597,292,305,115,443,426,221,3.118,327-E
475,Quinta del bosque,,656,313,343,182,420,410,272,3.048888889,
476,Crucero de Ameca,Zona Rural,135,73,62,42,84,82,38,3.55,
477,Miramar Poniente,,,,,,,,,,
478,"Fortín II, El",7,,,,,,,,,
479,Villas del Ixtépete,8,699,340,359,214,474,427,222,4.87,333-L
480,Nuevo México Sur,4,,,,,,,,,
481,Anexo a Jardines del Vergel,2A,,,,,,,,,
482,Lomas Campestres Las Mesitas,RS,235,118,117,97,122,120,54,4.38,
483,Mirador de San Isidro Magisterial,3,530,241,289,189,327,316,181,3,
484,Residencial del Parque Metropolitano,5A,,,,,,,,,
485,Lomas del Pedregal,RN,401,204,195,139,230,228,103,4.753333333,
486,Ampliación Villas de Guadalupe,2B,"1,715",889,826,771,897,824,357,4.81,311-D
487,Granjas y Huertos San José,,,,,,,,,,
488,Villas de Monticello,,,,,,,,,,
489,"Pedregal (de Milpillas), El",,173,,,,,,,0,
490,"Taray, El",,79,40,39,18,55,54,17,4.65,
491,Cabañas de la Barranca,,,,,,,,,,
492,Kilómetro 10 (carr. a Colotlán),,,,,,,,,,
493,Prados de Nextipac,,80,38,36,32,41,38,21,5.125,
494,"Soledad de afuera, La",,8,4,4,3,4,5,3,2.67,
495,Canteras del Centinela,,422,206,216,115,247,232,206,3.295454545,
496,Parques del Centinela Residencial,,"1,170",554,616,312,752,732,435,3.057142857,
497,San Isidro Residencial,,,,,,,,,,
498,Quintas del Valle,,"1,287",649,638,416,844,810,428,3.478571429,
499,Misión del Valle,,912,443,469,272,575,553,386,3.596153846,
500,"Mandarinos, Los",,,,,,,,,,
501,Viveros del Valle,,"1,232",604,624,401,784,768,465,5.13,
502,Rinconadas del Aire,,,,,,,,,,
503,Flores del Valle,,555,283,268,89,296,295,296,2.645,
504,Villas Muro Vekio,,,,,,,,,,
505,Puerta la Plata,,468,199,261,133,311,287,126,4.4575,
506,Jardines de los Pinos,,,,,,,,,,
507,Portales de Santa Ana,,,,,,,,,,
508,Villas Perisur,,,,,,,,,,
509,Villa Bonita,,,,,,,,,,
510,Jardines del Álamo,RS,,,,,,,,,
511,San Gerónimo,RS,73,33,40,28,43,38,16,4.56,
512,Villas del Centinela,,,,,,,,,,
513,Unidad Habitacional Los Belenes,,,,,,,,,,
514,Senderos del Centinela,,,,,,,,,,
515,Rinconada de los Sauces,,,,,,,,,,
516,Valle de los Sauces (ó Rinconada San Isidro),,,,,,,,,,
517,Haciendas la Herradura,,110,57,53,21,80,85,38,2.89,
518,Valle de Nuevo México,3,,,,,,,,,
519,Bosque de los Encinos,3,375,195,180,116,254,243,236,3.282,
520,Bosques de San Gonzalo,3,31,14,14,8,17,16,62,2.5,
521,Porta Real,,,,,,,,,,
522,Solares,,,,,,,,,,
523,Altamira (Coto Privado),,,,,,,,,,
524,Santa Catalina Hábitat Residencial,,,,,,,,,,
525,Puerta del Llano,,"1,224",575,649,363,834,791,348,3.52,
526,Arauca,,,,,,,,,,
527,Zapote (Nuevo México),3,,,,,,,,,
528,"Tizate, El",7,943,485,438,399,513,463,252,4.640769231,
529,"Patios, Los",RN,39,19,20,9,26,29,15,2.6,
530,Bolsa del Rayo,RN,20,111,9,5,15,13,4,5,
531,"Cuchilla, La (ó Valle de la Providencia)",RN,"1,712",848,864,603,"1,058","1,015",446,3.84,
532,San Rafael Tercero,RN,102,56,46,33,66,63,26,3.92,
533,"Tarjea, La",RN,,,,,,,,,
534,Real del Bosque,,27,10,17,5,19,18,9,4,
535,Paseos del Camichín,,,,,,,,,,
536,Rancho el Colorado,,,,,,,,,,
537,"Fuerte, El",,,,,,,,,,
538,Industrial San Juan de Ocotán,,,,,,,,,,
539,Mirador del Bosque,,,,,,,,,,
540,Valle de los Molinos,,,,,,,,,,
541,"Palermo, Fraccionamiento",,,,,,,,,,
542,"Monarca, Condominio",,,,,,,,,,
543,Girasoles Acueducto,,,,,,,,,,
544,Residencial del Valle,,220,113,92,44,156,153,105,2.91,
545,"Alhambra La, Residencial",,,,,,,,,,
546,"Amaranto, Fraccionamiento (I y II)",,,,,,,,,,
547,Lago Real,,,,,,,,,,
998,Ranchito de abajo,,,,,,,,,,
999,.,,,,,,,,,,
